{
  "extends": [
    "tslint-eslint-rules"
  ],
  "rules": {
    "no-reference": true,
    "only-arrow-functions": true,
    "prefer-for-of": true,
    "prefer-const": [
      true,
      {
        "destructuring": "all"
      }
    ],
    "no-var-requires": true,
    "no-internal-module": true,
    "typedef": [true, "call-signature", "parameter"],
    "space-before-function-paren": [
      true,
      {
        "anonymous": "always",
        "named": "never",
        "asyncArrow": "always"
      }
    ],
    "typedef-whitespace": [
      true,
      {
        "call-signature": "nospace",
        "index-signature": "nospace",
        "parameter": "nospace",
        "property-declaration": "nospace",
        "variable-declaration": "nospace"
      },
      {
        "call-signature": "onespace",
        "index-signature": "onespace",
        "parameter": "onespace",
        "property-declaration": "onespace",
        "variable-declaration": "onespace"
      }
    ],
    "curly": true,
    "no-arg": true,
    "no-bitwise": true,
    "no-conditional-assignment": true,
    "no-console": false,
    "no-construct": true,
    "no-debugger": true,
    "no-empty": true,
    "no-eval": true,
    "no-invalid-this": true,
    "no-shadowed-variable": true,
    "no-string-literal": true,
    "no-switch-case-fall-through": true,
    "no-unused-expression": true,
    "no-var-keyword": true,
    "radix": true,
    "switch-default": true,
    "triple-equals": [true, "allow-null-check"],
    "use-isnan": true,
    "eofline": true,
    "indent": [true, "spaces"],
    "linebreak-style": [true, "LF"],
    "max-line-length": {
      "severity": "error",
      "options": 79
    },
    "no-default-export": true,
    "no-require-imports": true,
    "no-trailing-whitespace": true,
    "trailing-comma": [
      true,
      {
        "multiline": "always",
        "singleline": "never"
      }
    ],
    "align": [true, "parameters", "statements"],
    "array-type": [true, "generic"],
    "class-name": true,
    "comment-format": [true, "check-space"],
    "interface-name": [true, "never-prefix"],
    "new-parens": true,
    "no-angle-bracket-type-assertion": true,
    "no-consecutive-blank-lines": true,
    "object-literal-key-quotes": [true, "as-needed"],
    "object-literal-shorthand": true,
    "one-line": [
      true,
      "check-catch",
      "check-finally",
      "check-else",
      "check-open-brace",
      "check-whitespace",
      "check-open-brace",
      "check-whitespace"
    ],
    "one-variable-per-declaration": true,
    "ordered-imports": [
      true,
      {
        "import-sources-order": "case-insensitive",
        "named-imports-order": "case-insensitive"
      }
    ],
    "quotemark": [true, "single", "avoid-escape"],
    "semicolon": [true, "always"],
    "variable-name": [
      true,
      "ban-keywords",
      "check-format",
      "allow-pascal-case",
      "allow-leading-underscore"
    ],
    "whitespace": [
      true,
      "check-branch",
      "check-decl",
      "check-operator",
      "check-module",
      "check-separator",
      "check-type",
      "check-typecast"
    ],
    "strict-boolean-expressions": {
      "severity": "error",
      "options": true
    },
    "no-boolean-literal-compare": {
      "severity": "error",
      "options": true
    },
    "arrow-return-shorthand": [true, "multiline"],
    "object-curly-spacing": [true, "always"]
  }
}
